3LC;ORIGIN;3LC;id;Provinsi;DEST;REGPACK;SLA;JAGOPACK;SLA;BIGPACK/10 KG;SLA
CGK;JAKARTA;BTJ;1;Aceh;BANDA ACEH;  33,200 ;02-03;25,600;03-06;117,000;05-08
CGK;JAKARTA;LSW;1;Aceh;LHOKSEUMAWE;  41,600 ;03-04;21,600;03-06;99,000;05-08
CGK;JAKARTA;MEQ;1;Aceh;MEULABOH;  36,400 ;03-05;28,000;04-07;153,000;06-09
CGK;JAKARTA;SMG;1;Aceh;SIMEULUE;  57,200 ;04-05;51,600;04-07;0;0
CGK;JAKARTA;TXE;1;Aceh;TAKENGON;  47,200 ;05-06;22,800;05-08;148,500;07-10
CGK;JAKARTA;AEG;2;Sumatera Utara;AEK GODANG;  32,000 ;05-06;26,800;05-08;117,000;07-10
CGK;JAKARTA;ASN;2;Sumatera Utara;ASAHAN;  34,000 ;03-05;19,200;03-07;99,000;05-09
CGK;JAKARTA;BNJ;2;Sumatera Utara;BINJAI;  32,800 ;02-04;19,600;03-06;99,000;05-08
CGK;JAKARTA;DLS;2;Sumatera Utara;DELI SERDANG;  33,600 ;02-03;21,600;02-05;112,500;04-07
CGK;JAKARTA;GNS;2;Sumatera Utara;GUNUNG SITOLI;  37,200 ;02-04;27,200;04-07;139,500;06-09
CGK;JAKARTA;KAR;2;Sumatera Utara;KARO;  28,000 ;02-04;19,200;03-06;85,500;05-08
CGK;JAKARTA;MES;2;Sumatera Utara;KOTA MEDAN;  28,000 ;02-03;19,200;02-05;76,500;04-07
CGK;JAKARTA;LAB;2;Sumatera Utara;LABUHAN BATU;  28,000 ;04-06;19,200;04-08;76,500;06-10
CGK;JAKARTA;LBU;2;Sumatera Utara;LABUHAN BATU UTARA;  34,000 ;02-04;19,200;04-08;117,000;06-10
CGK;JAKARTA;KNO;2;Sumatera Utara;MEDAN;  28,000 ;02-03;19,200;02-05;76,500;04-07
CGK;JAKARTA;PDS;2;Sumatera Utara;PADANG LAWAS;  32,000 ;06-07;26,800;07-09;117,000;09-11
CGK;JAKARTA;PLU;2;Sumatera Utara;PADANG LAWAS UTARA;  32,000 ;06-07;26,800;07-09;117,000;09-11
CGK;JAKARTA;WIM;2;Sumatera Utara;PEMATANG SIANTAR;  32,000 ;02-03;20,000;03-06;108,000;05-08
CGK;JAKARTA;FLZ;2;Sumatera Utara;SIBOLGA;  32,000 ;02-04;24,400;03-06;117,000;05-08
CGK;JAKARTA;SDK;2;Sumatera Utara;SIDIKALANG;  28,000 ;03-04;19,200;03-06;76,500;05-08
CGK;JAKARTA;DTB;2;Sumatera Utara;SILANGIT;  36,000 ;02-04;24,000;03-06;117,000;05-08
CGK;JAKARTA;SIG;2;Sumatera Utara;SIMALUNGUN;  32,000 ;02-03;20,000;05-08;112,500;07-10
CGK;JAKARTA;TBG;2;Sumatera Utara;TEBING TINGGI;  32,800 ;02-04;19,600;03-06;99,000;05-08
CGK;JAKARTA;BUK;3;Sumatera Barat;BUKIT TINGGI;  29,600 ;02-03;19,200;02-05;126,000;04-07
CGK;JAKARTA;PDG;3;Sumatera Barat;PADANG;  26,000 ;02-03;18,400;02-05;94,500;04-07
CGK;JAKARTA;PRM;3;Sumatera Barat;PARIAMAN;  26,000 ;03-04;18,400;03-06;103,500;05-08
CGK;JAKARTA;SOX;3;Sumatera Barat;SOLOK;  26,000 ;03-04;18,400;03-06;103,500;05-08
CGK;JAKARTA;BKI;4;Riau;BENGKALIS;  33,200 ;03-05;21,600;03-07;126,000;05-09
CGK;JAKARTA;DUM;4;Riau;DUMAI;  26,000 ;02-04;16,000;02-06;72,000;04-08
CGK;JAKARTA;ILU;4;Riau;INDRAGIRI HULU;  26,000 ;02-04;16,000;03-07;72,000;05-09
CGK;JAKARTA;KMP;4;Riau;KAMPAR;  26,000 ;02-04;16,000;04-07;72,000;06-09
CGK;JAKARTA;PKU;4;Riau;PEKANBARU;  26,000 ;02-03;16,000;02-05;72,000;04-07
CGK;JAKARTA;PLL;4;Riau;PELALAWAN;  26,000 ;04-05;16,000;04-07;81,000;06-09
CGK;JAKARTA;RHL;4;Riau;ROKAN HILIR;  26,000 ;03-04;16,000;03-06;72,000;05-08
CGK;JAKARTA;RHU;4;Riau;ROKAN HULU;  26,000 ;03-04;16,000;03-06;72,000;05-08
CGK;JAKARTA;SSI;4;Riau;SIAK;  26,000 ;02-03;16,000;03-06;72,000;05-08
CGK;JAKARTA;DJB;5;Jambi;JAMBI;  20,800 ;02-03;14,400;02-05;63,000;04-07
CGK;JAKARTA;KRC;5;Jambi;KERINCI;  20,800 ;02-04;14,400;04-07;67,500;06-09
CGK;JAKARTA;MUG;5;Jambi;MA BUNGO;  20,800 ;02-04;14,400;02-06;67,500;04-08
CGK;JAKARTA;MRN;5;Jambi;MERANGIN;  20,800 ;03-04;14,400;04-07;67,500;06-09
CGK;JAKARTA;PLM;5;Jambi;PALEMBANG;  16,000 ;02-03;11,200;02-05;36,000;04-07
CGK;JAKARTA;SLN;5;Jambi;SAROLANGUN;  20,800 ;03-04;14,400;05-09;67,500;07-11
CGK;JAKARTA;TBO;5;Jambi;TEBO;  20,800 ;02-03;14,400;04-07;67,500;06-09
CGK;JAKARTA;LHT;6;Sumatera Selatan;LAHAT;  16,000 ;03-04;11,200;03-06;45,000;05-08
CGK;JAKARTA;LLJ;6;Sumatera Selatan;LUBUK LINGGAU;  24,400 ;03-05;16,400;03-07;117,000;05-09
CGK;JAKARTA;MBI;6;Sumatera Selatan;MUSI BANYUASIN;  16,000 ;03-04;11,200;03-06;45,000;05-08
CGK;JAKARTA;OKI;6;Sumatera Selatan;OGAN KOMERING ILIR;  16,000 ;03-04;11,200;03-06;36,000;05-08
CGK;JAKARTA;BKU;7;Bengkulu;ARGAMAKMUR;  29,600 ;02-04;19,200;03-07;94,500;05-09
CGK;JAKARTA;BKS;7;Bengkulu;BENGKULU;  29,600 ;02-03;19,200;02-05;94,500;04-07
CGK;JAKARTA;KPG;7;Bengkulu;KEPAHIANG;  29,600 ;02-04;19,200;03-06;94,500;05-08
CGK;JAKARTA;BKL;7;Bengkulu;LEBONG;  29,600 ;02-04;19,200;03-06;94,500;05-08
CGK;JAKARTA;MPC;7;Bengkulu;MUKO MUKO;  29,600 ;03-04;19,200;03-06;94,500;05-08
CGK;JAKARTA;RJL;7;Bengkulu;REJANG LEBONG;  29,600 ;02-04;19,200;02-06;94,500;04-08
CGK;JAKARTA;TKG;8;Lampung;LAMPUNG;  14,000 ;02-03;9,600;02-05;36,000;04-07
CGK;JAKARTA;RJS;8;Lampung;LAMPUNG SELATAN;  14,000 ;03-04;9,600;03-06;40,500;05-08
CGK;JAKARTA;LMT;8;Lampung;LAMPUNG TENGAH;  14,000 ;02-04;9,600;03-07;49,500;05-09
CGK;JAKARTA;SUK;8;Lampung;LAMPUNG TIMUR;  14,000 ;03-04;9,600;03-06;36,000;05-08
CGK;JAKARTA;LMU;8;Lampung;LAMPUNG UTARA;  14,000 ;03-04;9,600;03-06;54,000;05-08
CGK;JAKARTA;MTR;8;Lampung;METRO;  14,000 ;03-04;9,600;03-07;49,500;05-09
CGK;JAKARTA;TKS;8;Lampung;PRINGSEWU;  14,000 ;02-03;9,600;03-07;49,500;05-09
CGK;JAKARTA;TBW;8;Lampung;TULANG BAWANG;  14,000 ;02-04;9,600;02-06;49,500;04-08
CGK;JAKARTA;PGK;9;Kepulauan Bangka Belitung;PANGKAL PINANG;  25,600 ;02-03;22,400;03-04;0;0
CGK;JAKARTA;TJQ;9;Kepulauan Bangka Belitung;TANJUNG PANDAN;  28,400 ;02-03;25,600;02-06;0;0
CGK;JAKARTA;BTH;10;Kepulauan Riau;BATAM;  25,200 ;02-03;23,200;03-04;0;0
CGK;JAKARTA;NTX;10;Kepulauan Riau;NATUNA;  42,400 ;04-05;40,000;04-07;0;0
CGK;JAKARTA;TJB;10;Kepulauan Riau;TANJUNG BALAI KARIMUN;  6,000 ;07-10;5,600;07-12;45,000;09-14
CGK;JAKARTA;TNJ;10;Kepulauan Riau;TANJUNG PINANG;  32,000 ;02-03;28,800;02-05;0;0
CGK;JAKARTA;CGK;11;DKI Jakarta;JAKARTA;  6,000 ;01-02;5,600;01-04;27,000;03-06
CGK;JAKARTA;BDO;12;Jawa Barat;BANDUNG;  8,400 ;01-02;7,600;02-05;40,500;04-07
CGK;JAKARTA;BDB;12;Jawa Barat;BANDUNG BARAT;  8,400 ;02-03;7,600;02-05;45,000;04-07
CGK;JAKARTA;BDS;12;Jawa Barat;BANDUNG SELATAN;  8,400 ;02-03;7,600;02-05;45,000;04-07
CGK;JAKARTA;BKA;12;Jawa Barat;BEKASI;  6,000 ;01-02;5,600;01-04;31,500;03-06
CGK;JAKARTA;BGR;12;Jawa Barat;BOGOR;  6,000 ;01-02;5,600;01-04;31,500;03-06
CGK;JAKARTA;BOO;12;Jawa Barat;BOGOR KAB;  6,000 ;01-02;5,600;01-04;31,500;03-06
CGK;JAKARTA;BOG;12;Jawa Barat;BOGOR KABUPATEN;  6,000 ;01-02;5,600;01-04;31,500;03-06
CGK;JAKARTA;SCI;12;Jawa Barat;CIAMIS;  10,000 ;01-03;8,800;01-05;58,500;03-07
CGK;JAKARTA;CJR;12;Jawa Barat;CIANJUR;  8,400 ;02-03;7,600;03-07;40,500;05-09
CGK;JAKARTA;CIK;12;Jawa Barat;CIKARANG;  6,000 ;01-02;5,600;01-04;31,500;03-06
CGK;JAKARTA;CRB;12;Jawa Barat;CIREBON;  8,400 ;02-03;7,200;02-05;45,000;04-07
CGK;JAKARTA;DEP;12;Jawa Barat;DEPOK;  6,000 ;01-02;5,600;01-04;31,500;03-06
CGK;JAKARTA;GRT;12;Jawa Barat;GARUT;  11,200 ;02-03;8,800;02-05;58,500;04-07
CGK;JAKARTA;IYU;12;Jawa Barat;INDRAMAYU;  8,400 ;02-04;7,200;02-06;45,000;04-08
CGK;JAKARTA;KRW;12;Jawa Barat;KARAWANG;  8,800 ;02-03;7,200;02-05;81,000;04-07
CGK;JAKARTA;KUN;12;Jawa Barat;KUNINGAN;  8,400 ;02-04;7,200;02-06;45,000;04-08
CGK;JAKARTA;KJT;12;Jawa Barat;MAJALENGKA;  11,600 ;01-03;9,600;01-05;63,000;03-07
CGK;JAKARTA;PND;12;Jawa Barat;PANGANDARAN;  10,000 ;03-04;8,800;03-07;63,000;05-09
CGK;JAKARTA;PWK;12;Jawa Barat;PURWAKARTA;  8,400 ;02-03;7,600;02-06;40,500;04-08
CGK;JAKARTA;SBN;12;Jawa Barat;SUBANG;  11,200 ;02-03;9,600;02-05;63,000;04-07
CGK;JAKARTA;SKB;12;Jawa Barat;SUKABUMI;  8,400 ;02-03;8,000;02-05;58,500;04-07
CGK;JAKARTA;SSU;12;Jawa Barat;SUMEDANG;  11,200 ;02-04;9,600;02-06;67,500;04-08
CGK;JAKARTA;TSY;12;Jawa Barat;TASIKMALAYA;  10,000 ;02-03;8,800;02-06;58,500;04-08
CGK;JAKARTA;BNA;13;Jawa Tengah;BANJAR NEGARA;  13,600 ;02-04;8,000;03-06;63,000;05-08
CGK;JAKARTA;BXG;13;Jawa Tengah;BATANG;  13,600 ;02-04;8,000;02-06;63,000;04-08
CGK;JAKARTA;CPF;13;Jawa Tengah;BLORA;  13,600 ;03-05;8,000;03-07;63,000;05-09
CGK;JAKARTA;BOY;13;Jawa Tengah;BOYOLALI;  13,200 ;02-04;8,000;02-06;45,000;04-08
CGK;JAKARTA;BRE;13;Jawa Tengah;BREBES;  8,400 ;03-04;7,200;03-06;45,000;05-08
CGK;JAKARTA;CXP;13;Jawa Tengah;CILACAP;  13,600 ;02-03;8,000;02-06;58,500;04-08
CGK;JAKARTA;DMK;13;Jawa Tengah;DEMAK;  13,600 ;03-04;8,000;03-06;63,000;05-08
CGK;JAKARTA;GRO;13;Jawa Tengah;GROBOGAN;  13,600 ;03-05;8,000;03-07;63,000;05-09
CGK;JAKARTA;WKB;13;Jawa Tengah;JEPARA;  13,600 ;02-04;8,000;02-06;63,000;04-08
CGK;JAKARTA;SRX;13;Jawa Tengah;KABUPATEN SEMARANG;  13,600 ;03-05;8,000;03-07;63,000;05-09
CGK;JAKARTA;KGY;13;Jawa Tengah;KARANGANYAR;  13,200 ;02-04;8,000;02-06;45,000;04-08
CGK;JAKARTA;KEU;13;Jawa Tengah;KEBUMEN;  13,600 ;02-03;8,000;02-06;58,500;04-08
CGK;JAKARTA;KDL;13;Jawa Tengah;KENDAL;  13,600 ;02-04;8,000;02-06;63,000;04-08
CGK;JAKARTA;KLE;13;Jawa Tengah;KLATEN;  13,600 ;01-03;8,000;01-05;76,500;03-07
CGK;JAKARTA;KDS;13;Jawa Tengah;KUDUS;  13,600 ;02-03;8,000;02-06;63,000;04-08
CGK;JAKARTA;MGL;13;Jawa Tengah;MAGELANG;  13,600 ;02-03;8,000;03-07;45,000;05-09
CGK;JAKARTA;MTL;13;Jawa Tengah;MUNTILAN;  13,600 ;02-04;8,000;02-06;49,500;04-08
CGK;JAKARTA;PTI;13;Jawa Tengah;PATI;  13,600 ;02-04;8,000;02-06;63,000;04-08
CGK;JAKARTA;PKL;13;Jawa Tengah;PEKALONGAN;  13,600 ;02-03;8,000;02-06;63,000;04-08
CGK;JAKARTA;PML;13;Jawa Tengah;PEMALANG;  13,600 ;02-04;8,000;02-06;63,000;04-08
CGK;JAKARTA;PBG;13;Jawa Tengah;PURBALINGGA;  13,600 ;02-03;8,000;03-06;63,000;05-08
CGK;JAKARTA;PWL;13;Jawa Tengah;PURWOKERTO;  13,600 ;02-03;8,000;02-05;58,500;04-07
CGK;JAKARTA;PUW;13;Jawa Tengah;PURWOREJO;  15,200 ;03-04;9,600;03-07;63,000;05-09
CGK;JAKARTA;REM;13;Jawa Tengah;REMBANG;  13,600 ;02-04;8,000;02-06;63,000;04-08
CGK;JAKARTA;STG;13;Jawa Tengah;SALATIGA;  13,600 ;02-04;8,000;02-06;63,000;04-08
CGK;JAKARTA;SRG;13;Jawa Tengah;SEMARANG;  13,600 ;02-03;8,000;02-05;45,000;04-07
CGK;JAKARTA;SOC;13;Jawa Tengah;SOLO;  13,200 ;02-03;8,000;02-05;45,000;04-07
CGK;JAKARTA;SRN;13;Jawa Tengah;SRAGEN;  13,200 ;02-04;8,000;02-06;45,000;04-08
CGK;JAKARTA;SUO;13;Jawa Tengah;SUKOHARJO;  13,200 ;02-04;8,000;02-06;45,000;04-08
CGK;JAKARTA;TGL;13;Jawa Tengah;TEGAL;  8,400 ;03-04;7,200;04-06;45,000;06-08
CGK;JAKARTA;MGG;13;Jawa Tengah;TEMANGGUNG;  13,600 ;02-04;8,000;02-06;49,500;04-08
CGK;JAKARTA;WNR;13;Jawa Tengah;WONOGIRI;  13,200 ;02-04;8,000;02-06;45,000;04-08
CGK;JAKARTA;WNB;13;Jawa Tengah;WONOSOBO;  13,600 ;02-03;8,000;02-05;58,500;04-07
CGK;JAKARTA;GUK;14;Daerah Istimewa Yogyakarta;GUNUNG KIDUL;  13,600 ;01-03;8,000;01-05;72,000;03-07
CGK;JAKARTA;JOG;14;Daerah Istimewa Yogyakarta;JOGJAKARTA;  13,600 ;02-03;8,000;02-05;45,000;04-07
CGK;JAKARTA;WAZ;14;Daerah Istimewa Yogyakarta;WATES;  13,600 ;02-04;8,000;02-06;63,000;04-08
CGK;JAKARTA;BKN;15;Jawa Timur;BANGKALAN;  14,400 ;02-03;9,600;02-06;45,000;04-08
CGK;JAKARTA;BWX;15;Jawa Timur;BANYUWANGI;  20,000 ;02-04;12,000;02-06;76,500;04-08
CGK;JAKARTA;BLI;15;Jawa Timur;BLITAR;  16,800 ;02-03;12,000;02-05;45,000;04-07
CGK;JAKARTA;SBO;15;Jawa Timur;BONDOWOSO;  17,600 ;02-03;12,000;02-06;45,000;04-08
CGK;JAKARTA;GSK;15;Jawa Timur;GRESIK;  14,400 ;02-03;9,600;02-05;45,000;04-07
CGK;JAKARTA;JBB;15;Jawa Timur;JEMBER;  17,600 ;02-04;12,000;02-06;76,500;04-08
CGK;JAKARTA;JOM;15;Jawa Timur;JOMBANG;  18,400 ;02-04;12,000;02-06;63,000;04-08
CGK;JAKARTA;KDR;15;Jawa Timur;KEDIRI;  15,200 ;02-04;12,000;02-06;63,000;04-08
CGK;JAKARTA;LMG;15;Jawa Timur;LAMONGAN;  17,600 ;02-04;11,200;02-06;67,500;04-08
CGK;JAKARTA;LMJ;15;Jawa Timur;LUMAJANG;  17,600 ;02-03;12,000;02-06;45,000;04-08
CGK;JAKARTA;MDN;15;Jawa Timur;MADIUN;  16,000 ;02-04;12,000;03-06;67,500;05-08
CGK;JAKARTA;MGT;15;Jawa Timur;MAGETAN;  14,400 ;02-04;9,600;02-06;45,000;04-08
CGK;JAKARTA;MLG;15;Jawa Timur;MALANG;  16,800 ;02-03;12,000;02-05;63,000;04-07
CGK;JAKARTA;MOJ;15;Jawa Timur;MOJOKERTO;  16,800 ;02-04;12,000;02-06;63,000;04-08
CGK;JAKARTA;CCX;15;Jawa Timur;NGANJUK;  14,400 ;02-03;9,600;02-06;49,500;04-08
CGK;JAKARTA;NGW;15;Jawa Timur;NGAWI;  14,400 ;02-04;9,600;02-06;45,000;04-08
CGK;JAKARTA;PSS;15;Jawa Timur;PAMEKASAN;  14,400 ;02-04;9,600;02-06;49,500;04-08
CGK;JAKARTA;PSR;15;Jawa Timur;PASURUAN;  16,800 ;02-04;12,000;02-06;76,500;04-08
CGK;JAKARTA;POG;15;Jawa Timur;PONOROGO;  16,800 ;02-04;12,000;02-06;45,000;04-08
CGK;JAKARTA;PBL;15;Jawa Timur;PROBOLINGGO;  16,000 ;01-03;12,000;01-05;76,500;03-07
CGK;JAKARTA;SSP;15;Jawa Timur;SAMPANG;  14,400 ;02-04;9,600;02-06;45,000;04-08
CGK;JAKARTA;KSO;15;Jawa Timur;SITUBONDO;  17,600 ;02-04;12,000;02-06;45,000;04-08
CGK;JAKARTA;SUP;15;Jawa Timur;SUMENEP;  17,600 ;03-05;14,400;03-07;117,000;05-09
CGK;JAKARTA;SUB;15;Jawa Timur;SURABAYA;  14,400 ;02-03;9,600;02-05;45,000;04-07
CGK;JAKARTA;TTR;15;Jawa Timur;TRENGGALEK;  16,800 ;02-04;12,000;02-06;45,000;04-08
CGK;JAKARTA;TUB;15;Jawa Timur;TUBAN;  14,400 ;01-03;9,600;02-06;58,500;04-08
CGK;JAKARTA;TUL;15;Jawa Timur;TULUNGAGUNG;  17,600 ;02-04;12,000;02-06;63,000;04-08
CGK;JAKARTA;CGN;16;Banten;CILEGON;  7,200 ;01-02;6,000;02-06;40,500;04-08
CGK;JAKARTA;LWA;16;Banten;LEBAK;  6,000 ;02-03;5,600;03-05;45,000;05-07
CGK;JAKARTA;BTO;16;Banten;SERANG;  7,200 ;02-03;6,000;02-05;40,500;04-07
CGK;JAKARTA;TNG;16;Banten;TANGERANG;  6,000 ;01-02;5,600;01-04;31,500;03-06
CGK;JAKARTA;BLG;17;Bali;BULELENG;  20,800 ;04-06;13,600;04-08;76,500;06-10
CGK;JAKARTA;DPS;17;Bali;DENPASAR;  20,800 ;02-03;13,600;02-05;76,500;04-07
CGK;JAKARTA;DPX;17;Bali;DENPASAR KOTA;  20,800 ;03-04;13,600;03-06;72,000;05-08
CGK;JAKARTA;IGR;17;Bali;GIANYAR;  20,800 ;02-03;13,600;02-06;76,500;04-08
CGK;JAKARTA;JZM;17;Bali;JEMBRANA;  20,800 ;03-04;13,600;03-06;76,500;05-08
CGK;JAKARTA;KRS;17;Bali;KARANGASEM;  20,800 ;03-04;13,600;03-06;76,500;05-08
CGK;JAKARTA;KLG;17;Bali;KLUNGKUNG;  20,800 ;03-04;13,600;03-06;76,500;05-08
CGK;JAKARTA;TBB;17;Bali;TABANAN;  20,800 ;02-04;13,600;03-07;76,500;05-09
CGK;JAKARTA;BMU;18;Nusa Tenggara Barat;BIMA;  30,400 ;02-04;26,000;03-06;144,000;05-08
CGK;JAKARTA;LOP;18;Nusa Tenggara Barat;LOMBOK;  28,800 ;02-03;19,200;02-05;112,500;04-07
CGK;JAKARTA;LTG;18;Nusa Tenggara Barat;LOMBOK TENGAH;  28,800 ;03-04;19,200;03-06;103,500;05-08
CGK;JAKARTA;LTR;18;Nusa Tenggara Barat;LOMBOK TIMUR;  28,800 ;03-04;19,200;03-06;103,500;05-08
CGK;JAKARTA;SWQ;18;Nusa Tenggara Barat;SUMBAWA;  36,800 ;02-03;24,400;03-06;121,500;05-08
CGK;JAKARTA;SBT;18;Nusa Tenggara Barat;SUMBAWA BARAT;  36,800 ;03-04;24,400;04-07;121,500;06-09
CGK;JAKARTA;ARD;19;Nusa Tenggara Timur;ALOR;  68,000 ;03-04;60,400;07-10;153,000;14-24
CGK;JAKARTA;ABU;19;Nusa Tenggara Timur;ATAMBUA;  60,000 ;02-04;58,000;02-06;162,000;13-24
CGK;JAKARTA;BJW;19;Nusa Tenggara Timur;BAJAWA;  67,200 ;02-04;60,000;08-11;166,500;15-25
CGK;JAKARTA;ENE;19;Nusa Tenggara Timur;ENDE;  60,800 ;03-04;58,000;07-10;162,000;15-25
CGK;JAKARTA;KOE;19;Nusa Tenggara Timur;KUPANG;  57,600 ;01-03;49,200;02-04;117,900;12-21
CGK;JAKARTA;LBJ;19;Nusa Tenggara Timur;LABUAN BAJO;  63,200 ;03-05;57,600;03-07;0;0
CGK;JAKARTA;LKA;19;Nusa Tenggara Timur;LARANTUKA;  60,800 ;05-08;54,800;07-10;153,000;13-25
CGK;JAKARTA;MOF;19;Nusa Tenggara Timur;MAUMERE;  67,200 ;02-04;60,400;07-10;157,500;14-24
CGK;JAKARTA;RTI;19;Nusa Tenggara Timur;ROTE;  67,200 ;02-04;60,400;02-06;148,500;11-22
CGK;JAKARTA;RTG;19;Nusa Tenggara Timur;RUTENG;  66,400 ;04-05;64,000;04-07;0;0
CGK;JAKARTA;TMC;19;Nusa Tenggara Timur;WAIKABUBAK;  62,400 ;04-05;59,200;04-07;166,500;15-25
CGK;JAKARTA;WGP;19;Nusa Tenggara Timur;WAINGAPU;  62,400 ;02-04;56,800;07-10;157,500;15-25
CGK;JAKARTA;KTG;20;Kalimantan Barat;KETAPANG;  40,000 ;03-05;28,400;11-16;198,000;08-12
CGK;JAKARTA;MWI;20;Kalimantan Barat;MELAWI;  28,400 ;02-03;17,600;07-13;85,500;09-15
CGK;JAKARTA;PNK;20;Kalimantan Barat;PONTIANAK;  28,400 ;01-02;17,600;06-12;85,500;08-14
CGK;JAKARTA;SBS;20;Kalimantan Barat;SAMBAS;  28,400 ;02-03;17,600;07-13;85,500;09-15
CGK;JAKARTA;SGU;20;Kalimantan Barat;SANGGAU;  28,400 ;02-03;17,600;07-13;85,500;09-15
CGK;JAKARTA;SKW;20;Kalimantan Barat;SINGKAWANG;  28,400 ;04-05;17,600;09-16;85,500;11-18
CGK;JAKARTA;PKY;21;Kalimantan Tengah;PALANGKARAYA;  36,800 ;02-03;32,000;02-05;103,500;09-11
CGK;JAKARTA;PKN;21;Kalimantan Tengah;PANGKALAN BUN;  40,800 ;03-04;33,600;03-06;189,000;14-20
CGK;JAKARTA;SMQ;21;Kalimantan Tengah;SAMPIT;  43,200 ;02-04;39,600;03-06;175,500;14-20
CGK;JAKARTA;BJB;22;Kalimantan Selatan;BANJARBARU;  31,200 ;02-03;16,800;09-14;81,000;11-16
CGK;JAKARTA;BDJ;22;Kalimantan Selatan;BANJARMASIN;  31,200 ;02-03;16,800;08-11;103,500;10-13
CGK;JAKARTA;MAR;22;Kalimantan Selatan;BARITO KUALA;  31,200 ;03-04;16,800;09-12;81,000;11-14
CGK;JAKARTA;HSS;22;Kalimantan Selatan;HULU SUNGAI SELATAN;  31,200 ;03-04;16,800;09-12;81,000;11-14
CGK;JAKARTA;KBU;22;Kalimantan Selatan;KOTABARU;  47,200 ;02-04;42,800;03-05;175,500;13-20
CGK;JAKARTA;TJG;22;Kalimantan Selatan;TABALONG;  31,200 ;03-05;16,800;09-14;81,000;11-16
CGK;JAKARTA;BTW;22;Kalimantan Selatan;TANAH BUMBU;  31,200 ;02-04;16,800;09-14;81,000;11-16
CGK;JAKARTA;TAL;22;Kalimantan Selatan;TANAH LAUT;  31,200 ;03-05;16,800;09-14;81,000;11-16
CGK;JAKARTA;TAP;22;Kalimantan Selatan;TAPIN;  31,200 ;03-04;16,800;09-12;81,000;11-14
CGK;JAKARTA;BPN;23;Kalimantan Timur;BALIKPAPAN;  37,600 ;02-03;17,600;08-13;90,000;10-15
CGK;JAKARTA;BEJ;23;Kalimantan Timur;BERAU;  54,400 ;03-05;43,200;05-10;163,800;13-22
CGK;JAKARTA;KTR;23;Kalimantan Timur;KUTAI TIMUR;  43,200 ;03-05;40,800;05-10;90,000;09-17
CGK;JAKARTA;TNB;23;Kalimantan Timur;PASER;  37,600 ;03-05;17,600;09-16;81,000;11-18
CGK;JAKARTA;SRI;23;Kalimantan Timur;SAMARINDA;  43,200 ;02-03;40,800;05-10;112,500;09-16
CGK;JAKARTA;TJS;24;Kalimantan Utara;TANJUNG SELOR;  55,200 ;04-05;50,000;05-06;247,500;15-22
CGK;JAKARTA;TRK;24;Kalimantan Utara;TARAKAN;  56,000 ;02-03;49,600;02-05;135,000;14-19
CGK;JAKARTA;BTG;25;Sulawesi Utara;BITUNG;  45,600 ;03-04;24,000;15-22;148,500;17-24
CGK;JAKARTA;AMB;25;Sulawesi Utara;KOTAMOBAGU;  45,600 ;02-04;24,000;16-22;135,000;18-24
CGK;JAKARTA;MDC;25;Sulawesi Utara;MANADO;  45,600 ;02-03;24,000;14-19;148,500;16-21
CGK;JAKARTA;MNA;25;Sulawesi Utara;MELONGUANE;  48,800 ;08-10;43,600;08-12;198,000;17-26
CGK;JAKARTA;TDZ;25;Sulawesi Utara;MINAHASA;  45,600 ;03-05;24,000;15-22;148,500;17-24
CGK;JAKARTA;TZD;25;Sulawesi Utara;MINAHASA SELATAN;  45,600 ;03-04;24,000;16-22;135,000;18-24
CGK;JAKARTA;MDU;25;Sulawesi Utara;MINAHASA UTARA;  45,600 ;02-04;24,000;15-22;148,500;17-24
CGK;JAKARTA;TMN;25;Sulawesi Utara;TOMOHON;  45,600 ;02-04;24,000;15-22;148,500;17-24
CGK;JAKARTA;LUW;26;Sulawesi Tengah;LUWUK;  56,000 ;03-05;52,400;04-06;128,700;14-20
CGK;JAKARTA;MOH;26;Sulawesi Tengah;MOROWALI;  56,000 ;03-05;50,000;03-07;184,500;14-20
CGK;JAKARTA;PLW;26;Sulawesi Tengah;PALU;  49,600 ;02-03;45,600;02-05;117,000;12-18
CGK;JAKARTA;PSJ;26;Sulawesi Tengah;POSO;  56,400 ;02-04;52,000;02-06;226,800;13-21
CGK;JAKARTA;TLI;26;Sulawesi Tengah;TOLI TOLI;  55,200 ;03-04;50,400;03-06;154,800;13-21
CGK;JAKARTA;BGN;27;Sulawesi Selatan;BANTAENG;  32,000 ;03-04;16,000;08-13;90,000;10-15
CGK;JAKARTA;BRR;27;Sulawesi Selatan;BARRU;  32,000 ;03-04;16,000;08-13;81,000;10-15
CGK;JAKARTA;BSX;27;Sulawesi Selatan;BONE;  32,000 ;02-04;16,000;08-15;90,000;10-17
CGK;JAKARTA;BLK;27;Sulawesi Selatan;BULUKUMBA;  32,000 ;03-05;16,000;09-15;81,000;11-17
CGK;JAKARTA;ENX;27;Sulawesi Selatan;ENREKANG;  32,000 ;03-04;16,000;08-13;81,000;10-15
CGK;JAKARTA;GOW;27;Sulawesi Selatan;GOWA;  32,000 ;02-04;16,000;09-16;81,000;11-18
CGK;JAKARTA;JNO;27;Sulawesi Selatan;JENEPONTO;  32,000 ;03-04;16,000;08-13;81,000;10-15
CGK;JAKARTA;LUY;27;Sulawesi Selatan;LUWU;  42,400 ;04-06;36,400;05-07;189,000;10-17
CGK;JAKARTA;UPG;27;Sulawesi Selatan;MAKASAR;  32,000 ;02-03;16,000;07-12;90,000;09-14
CGK;JAKARTA;MRS;27;Sulawesi Selatan;MAROS;  32,000 ;03-04;16,000;08-13;76,500;10-15
CGK;JAKARTA;LLO;27;Sulawesi Selatan;PALOPO;  42,400 ;03-05;36,400;04-06;211,500;09-15
CGK;JAKARTA;PGP;27;Sulawesi Selatan;PANGKAJENE KEPULAUAN;  32,000 ;03-04;16,000;08-13;81,000;10-15
CGK;JAKARTA;PSW;27;Sulawesi Selatan;PAREPARE;  32,000 ;03-04;16,000;08-15;90,000;10-17
CGK;JAKARTA;PRG;27;Sulawesi Selatan;PINRANG;  32,000 ;03-04;16,000;08-13;81,000;10-15
CGK;JAKARTA;SJA;27;Sulawesi Selatan;SINJAI;  32,000 ;03-04;16,000;08-13;81,000;10-15
CGK;JAKARTA;GGR;27;Sulawesi Selatan;TAKALAR;  32,000 ;03-04;16,000;08-13;90,000;10-15
CGK;JAKARTA;TOR;27;Sulawesi Selatan;TANA TORAJA;  32,000 ;03-04;16,000;08-13;81,000;10-15
CGK;JAKARTA;BUW;28;Sulawesi Tenggara;BAU BAU;  52,000 ;05-08;47,200;06-10;243,000;14-24
CGK;JAKARTA;KDI;28;Sulawesi Tenggara;KENDARI;  49,600 ;02-03;44,800;02-05;121,500;10-16
CGK;JAKARTA;PUM;28;Sulawesi Tenggara;KOLAKA;  52,400 ;02-04;48,000;03-05;171,000;10-16
CGK;JAKARTA;RAQ;28;Sulawesi Tenggara;RAHA;  50,000 ;04-05;45,600;04-07;274,500;12-21
CGK;JAKARTA;WNI;28;Sulawesi Tenggara;WAKATOBI;  56,000 ;02-04;49,600;02-06;274,500;10-19
CGK;JAKARTA;GTO;29;Gorontalo;GORONTALO;  48,800 ;02-03;44,800;03-04;144,000;14-20
CGK;JAKARTA;MJU;30;Sulawesi Barat;MAMUJU;  43,200 ;05-08;39,200;11-14;223,200;13-20
CGK;JAKARTA;AMQ;31;Maluku;AMBON;  60,000 ;03-04;55,200;03-06;238,500;12-20
CGK;JAKARTA;DOB;31;Maluku;DOBO;  93,600 ;05-06;90,000;05-08;0;0
CGK;JAKARTA;NAM;31;Maluku;NAMLEA;  82,400 ;03-04;75,600;03-06;0;0
CGK;JAKARTA;SXK;31;Maluku;SAUMLAKI;  92,000 ;04-05;84,000;04-07;0;0
CGK;JAKARTA;LUV;31;Maluku;TUAL;  92,800 ;03-04;84,000;03-06;351,000;12-28
CGK;JAKARTA;WUB;32;Maluku Utara;BULI;  77,600 ;06-07;72,000;06-09;351,000;14-24
CGK;JAKARTA;LAH;32;Maluku Utara;LABUHA;  75,200 ;04-05;71,200;04-07;351,000;13-24
CGK;JAKARTA;TTE;32;Maluku Utara;TERNATE;  67,200 ;02-03;60,000;02-05;211,500;12-21
CGK;JAKARTA;KAZ;32;Maluku Utara;TOBELO;  77,600 ;04-05;72,400;04-07;432,000;14-24
CGK;JAKARTA;DJJ;33;Papua;JAYAPURA;  79,200 ;03-04;31,200;12-21;225,000;14-23
CGK;JAKARTA;FKQ;34;Papua Barat;FAK FAK;  96,000 ;03-05;88,000;03-07;0;0
CGK;JAKARTA;KNG;34;Papua Barat;KAIMANA;  100,000 ;04-05;92,000;04-07;0;0
CGK;JAKARTA;MKW;34;Papua Barat;MANOKWARI;  96,800 ;03-05;93,600;03-07;257,400;14-21
CGK;JAKARTA;SOQ;34;Papua Barat;SORONG;  83,600 ;02-04;26,400;11-20;216,000;13-22
CGK;JAKARTA;MKQ;35;Papua Selatan;MERAUKE;  109,600 ;03-05;99,200;03-07;364,500;21-33
CGK;JAKARTA;NBX;36;Papua Tengah;NABIRE;  110,400 ;03-04;103,200;03-06;356,400;12-28
CGK;JAKARTA;TIM;36;Papua Tengah;TIMIKA;  112,800 ;03-04;108,000;03-06;337,500;21-33
CGK;JAKARTA;WMX;37;Papua Pegunungan;WAMENA;  109,600 ;05-06;103,200;05-08;0;0
;;;;;;;;;;;